year,state_fips,state_name,estimate
1970,01,Alabama,3444354
1971,01,Alabama,3497078
1972,01,Alabama,3539401
1973,01,Alabama,3579779
1974,01,Alabama,3626501
1975,01,Alabama,3678816
1976,01,Alabama,3735139
1977,01,Alabama,3780403
1978,01,Alabama,3831838
1979,01,Alabama,3866248
1980,01,Alabama,3893888
1981,01,Alabama,3918531
1982,01,Alabama,3925266
1983,01,Alabama,3934102
1984,01,Alabama,3951820
1985,01,Alabama,3972523
1986,01,Alabama,3991569
1987,01,Alabama,4015264
1988,01,Alabama,4023844
1989,01,Alabama,4030222
1990,01,Alabama,4048508
1991,01,Alabama,4091025
1992,01,Alabama,4139269
1993,01,Alabama,4193114
1994,01,Alabama,4232965
1995,01,Alabama,4262731
1996,01,Alabama,4290403
1997,01,Alabama,4320281
1998,01,Alabama,4351037
1999,01,Alabama,4369862
2000,01,Alabama,4452173
2001,01,Alabama,4467634
2002,01,Alabama,4480089
2003,01,Alabama,4503491
2004,01,Alabama,4530729
2005,01,Alabama,4569805
2006,01,Alabama,4628981
2007,01,Alabama,4672840
2008,01,Alabama,4718206
2009,01,Alabama,4757938
2010,01,Alabama,4785514
2011,01,Alabama,4799642
2012,01,Alabama,4816632
2013,01,Alabama,4831586
2014,01,Alabama,4843737
2015,01,Alabama,4854803
2016,01,Alabama,4866824
2017,01,Alabama,4877989
2018,01,Alabama,4891628
2019,01,Alabama,4907965
2020,01,Alabama,5031362
2021,01,Alabama,5049846
2022,01,Alabama,5074296
1970,02,Alaska,302583
1971,02,Alaska,315509
1972,02,Alaska,324465
1973,02,Alaska,330542
1974,02,Alaska,341062
1975,02,Alaska,376173
1976,02,Alaska,400968
1977,02,Alaska,403437
1978,02,Alaska,404764
1979,02,Alaska,402753
1980,02,Alaska,401851
1981,02,Alaska,418491
1982,02,Alaska,449606
1983,02,Alaska,488417
1984,02,Alaska,513702
1985,02,Alaska,532495
1986,02,Alaska,544268
1987,02,Alaska,539309
1988,02,Alaska,541983
1989,02,Alaska,547159
1990,02,Alaska,553120
1991,02,Alaska,569273
1992,02,Alaska,587073
1993,02,Alaska,596993
1994,02,Alaska,600624
1995,02,Alaska,601345
1996,02,Alaska,604918
1997,02,Alaska,608846
1998,02,Alaska,615205
1999,02,Alaska,619500
2000,02,Alaska,627963
2001,02,Alaska,633714
2002,02,Alaska,642337
2003,02,Alaska,648414
2004,02,Alaska,659286
2005,02,Alaska,666946
2006,02,Alaska,675302
2007,02,Alaska,680300
2008,02,Alaska,687455
2009,02,Alaska,698895
2010,02,Alaska,713982
2011,02,Alaska,722349
2012,02,Alaska,730810
2013,02,Alaska,737626
2014,02,Alaska,737075
2015,02,Alaska,738430
2016,02,Alaska,742575
2017,02,Alaska,740983
2018,02,Alaska,736624
2019,02,Alaska,733603
2020,02,Alaska,732923
2021,02,Alaska,734182
2022,02,Alaska,733583
1970,04,Arizona,1775399
1971,04,Arizona,1895816
1972,04,Arizona,2008290
1973,04,Arizona,2124438
1974,04,Arizona,2223198
1975,04,Arizona,2284850
1976,04,Arizona,2346158
1977,04,Arizona,2425197
1978,04,Arizona,2515318
1979,04,Arizona,2635570
1980,04,Arizona,2718215
1981,04,Arizona,2810107
1982,04,Arizona,2889861
1983,04,Arizona,2968925
1984,04,Arizona,3067135
1985,04,Arizona,3183538
1986,04,Arizona,3308262
1987,04,Arizona,3437103
1988,04,Arizona,3535183
1989,04,Arizona,3622185
1990,04,Arizona,3679056
1991,04,Arizona,3762394
1992,04,Arizona,3867333
1993,04,Arizona,3993390
1994,04,Arizona,4147561
1995,04,Arizona,4306908
1996,04,Arizona,4432308
1997,04,Arizona,4552207
1998,04,Arizona,4667277
1999,04,Arizona,4778332
2000,04,Arizona,5160586
2001,04,Arizona,5273477
2002,04,Arizona,5396255
2003,04,Arizona,5510364
2004,04,Arizona,5652404
2005,04,Arizona,5839077
2006,04,Arizona,6029141
2007,04,Arizona,6167681
2008,04,Arizona,6280362
2009,04,Arizona,6343154
2010,04,Arizona,6407342
2011,04,Arizona,6473416
2012,04,Arizona,6556344
2013,04,Arizona,6634690
2014,04,Arizona,6732873
2015,04,Arizona,6832810
2016,04,Arizona,6944767
2017,04,Arizona,7048088
2018,04,Arizona,7164228
2019,04,Arizona,7291843
2020,04,Arizona,7179943
2021,04,Arizona,7264877
2022,04,Arizona,7359197
1970,05,Arkansas,1923322
1971,05,Arkansas,1972312
1972,05,Arkansas,2018639
1973,05,Arkansas,2059258
1974,05,Arkansas,2101403
1975,05,Arkansas,2159525
1976,05,Arkansas,2170163
1977,05,Arkansas,2209010
1978,05,Arkansas,2243125
1979,05,Arkansas,2271335
1980,05,Arkansas,2286435
1981,05,Arkansas,2293201
1982,05,Arkansas,2294257
1983,05,Arkansas,2305761
1984,05,Arkansas,2319768
1985,05,Arkansas,2327046
1986,05,Arkansas,2331984
1987,05,Arkansas,2342355
1988,05,Arkansas,2342656
1989,05,Arkansas,2346358
1990,05,Arkansas,2354343
1991,05,Arkansas,2370666
1992,05,Arkansas,2394098
1993,05,Arkansas,2423743
1994,05,Arkansas,2450605
1995,05,Arkansas,2480121
1996,05,Arkansas,2504858
1997,05,Arkansas,2524007
1998,05,Arkansas,2538202
1999,05,Arkansas,2551373
2000,05,Arkansas,2678588
2001,05,Arkansas,2691571
2002,05,Arkansas,2705927
2003,05,Arkansas,2724816
2004,05,Arkansas,2749686
2005,05,Arkansas,2781097
2006,05,Arkansas,2821761
2007,05,Arkansas,2848650
2008,05,Arkansas,2874554
2009,05,Arkansas,2896843
2010,05,Arkansas,2921998
2011,05,Arkansas,2941038
2012,05,Arkansas,2952876
2013,05,Arkansas,2960459
2014,05,Arkansas,2968759
2015,05,Arkansas,2979732
2016,05,Arkansas,2991815
2017,05,Arkansas,3003855
2018,05,Arkansas,3012161
2019,05,Arkansas,3020985
2020,05,Arkansas,3014195
2021,05,Arkansas,3028122
2022,05,Arkansas,3045637
1970,06,California,19971069
1971,06,California,20345941
1972,06,California,20585473
1973,06,California,20868733
1974,06,California,21173871
1975,06,California,21537851
1976,06,California,21935913
1977,06,California,22352401
1978,06,California,22835963
1979,06,California,23256887
1980,06,California,23667902
1981,06,California,24285933
1982,06,California,24820009
1983,06,California,25360026
1984,06,California,25844393
1985,06,California,26441109
1986,06,California,27102237
1987,06,California,27777158
1988,06,California,28464249
1989,06,California,29218164
1990,06,California,29950111
1991,06,California,30414114
1992,06,California,30875920
1993,06,California,31147208
1994,06,California,31317179
1995,06,California,31493525
1996,06,California,31780829
1997,06,California,32217708
1998,06,California,32682794
1999,06,California,33145121
2000,06,California,33987977
2001,06,California,34479458
2002,06,California,34871843
2003,06,California,35253159
2004,06,California,35574576
2005,06,California,35827943
2006,06,California,36021202
2007,06,California,36250311
2008,06,California,36604337
2009,06,California,36961229
2010,06,California,37319550
2011,06,California,37636311
2012,06,California,37944551
2013,06,California,38253768
2014,06,California,38586706
2015,06,California,38904296
2016,06,California,39149186
2017,06,California,39337785
2018,06,California,39437463
2019,06,California,39437610
2020,06,California,39501653
2021,06,California,39142991
2022,06,California,39029342
1970,08,Colorado,2209596
1971,08,Colorado,2303524
1972,08,Colorado,2404621
1973,08,Colorado,2495872
1974,08,Colorado,2541405
1975,08,Colorado,2586193
1976,08,Colorado,2632304
1977,08,Colorado,2696142
1978,08,Colorado,2766748
1979,08,Colorado,2849234
1980,08,Colorado,2889964
1981,08,Colorado,2977898
1982,08,Colorado,3061564
1983,08,Colorado,3133630
1984,08,Colorado,3169992
1985,08,Colorado,3208723
1986,08,Colorado,3237450
1987,08,Colorado,3260480
1988,08,Colorado,3262281
1989,08,Colorado,3275818
1990,08,Colorado,3303862
1991,08,Colorado,3367567
1992,08,Colorado,3459995
1993,08,Colorado,3560884
1994,08,Colorado,3653910
1995,08,Colorado,3738061
1996,08,Colorado,3812716
1997,08,Colorado,3891293
1998,08,Colorado,3968967
1999,08,Colorado,4056133
2000,08,Colorado,4326921
2001,08,Colorado,4425687
2002,08,Colorado,4490406
2003,08,Colorado,4528732
2004,08,Colorado,4575013
2005,08,Colorado,4631888
2006,08,Colorado,4720423
2007,08,Colorado,4803868
2008,08,Colorado,4889730
2009,08,Colorado,4972195
2010,08,Colorado,5047539
2011,08,Colorado,5121900
2012,08,Colorado,5193660
2013,08,Colorado,5270774
2014,08,Colorado,5352637
2015,08,Colorado,5454328
2016,08,Colorado,5543844
2017,08,Colorado,5617421
2018,08,Colorado,5697155
2019,08,Colorado,5758486
2020,08,Colorado,5784865
2021,08,Colorado,5811297
2022,08,Colorado,5839926
1970,09,Connecticut,3032217
1971,09,Connecticut,3060939
1972,09,Connecticut,3068701
1973,09,Connecticut,3067814
1974,09,Connecticut,3074048
1975,09,Connecticut,3082500
1976,09,Connecticut,3083335
1977,09,Connecticut,3085722
1978,09,Connecticut,3091629
1979,09,Connecticut,3095914
1980,09,Connecticut,3107576
1981,09,Connecticut,3128836
1982,09,Connecticut,3139013
1983,09,Connecticut,3162354
1984,09,Connecticut,3180014
1985,09,Connecticut,3201131
1986,09,Connecticut,3223740
1987,09,Connecticut,3247291
1988,09,Connecticut,3271953
1989,09,Connecticut,3283403
1990,09,Connecticut,3289056
1991,09,Connecticut,3288640
1992,09,Connecticut,3274997
1993,09,Connecticut,3272325
1994,09,Connecticut,3268346
1995,09,Connecticut,3265293
1996,09,Connecticut,3267030
1997,09,Connecticut,3268514
1998,09,Connecticut,3272563
1999,09,Connecticut,3282031
2000,09,Connecticut,3411777
2001,09,Connecticut,3432835
2002,09,Connecticut,3458749
2003,09,Connecticut,3484336
2004,09,Connecticut,3496094
2005,09,Connecticut,3506956
2006,09,Connecticut,3517460
2007,09,Connecticut,3527270
2008,09,Connecticut,3545579
2009,09,Connecticut,3561807
2010,09,Connecticut,3579173
2011,09,Connecticut,3588632
2012,09,Connecticut,3595211
2013,09,Connecticut,3595792
2014,09,Connecticut,3595697
2015,09,Connecticut,3588561
2016,09,Connecticut,3579830
2017,09,Connecticut,3575324
2018,09,Connecticut,3574561
2019,09,Connecticut,3566022
2020,09,Connecticut,3597362
2021,09,Connecticut,3623355
2022,09,Connecticut,3626205
1970,10,Delaware,548104
1971,10,Delaware,564706
1972,10,Delaware,572914
1973,10,Delaware,577762
1974,10,Delaware,581419
1975,10,Delaware,586590
1976,10,Delaware,590168
1977,10,Delaware,591829
1978,10,Delaware,594777
1979,10,Delaware,594982
1980,10,Delaware,594338
1981,10,Delaware,595975
1982,10,Delaware,599148
1983,10,Delaware,605458
1984,10,Delaware,611565
1985,10,Delaware,618280
1986,10,Delaware,627559
1987,10,Delaware,636947
1988,10,Delaware,647622
1989,10,Delaware,658273
1990,10,Delaware,669063
1991,10,Delaware,680495
1992,10,Delaware,690158
1993,10,Delaware,699475
1994,10,Delaware,708416
1995,10,Delaware,718265
1996,10,Delaware,727090
1997,10,Delaware,735024
1998,10,Delaware,744066
1999,10,Delaware,753538
2000,10,Delaware,786373
2001,10,Delaware,795699
2002,10,Delaware,806169
2003,10,Delaware,818003
2004,10,Delaware,830803
2005,10,Delaware,845150
2006,10,Delaware,859268
2007,10,Delaware,871749
2008,10,Delaware,883874
2009,10,Delaware,891730
2010,10,Delaware,899647
2011,10,Delaware,907590
2012,10,Delaware,915518
2013,10,Delaware,924062
2014,10,Delaware,933131
2015,10,Delaware,942065
2016,10,Delaware,949989
2017,10,Delaware,957942
2018,10,Delaware,966985
2019,10,Delaware,976668
2020,10,Delaware,992114
2021,10,Delaware,1004807
2022,10,Delaware,1018396
1970,11,District of Columbia,756668
1971,11,District of Columbia,749777
1972,11,District of Columbia,742239
1973,11,District of Columbia,731490
1974,11,District of Columbia,717948
1975,11,District of Columbia,706871
1976,11,District of Columbia,692295
1977,11,District of Columbia,677229
1978,11,District of Columbia,665051
1979,11,District of Columbia,650015
1980,11,District of Columbia,638333
1981,11,District of Columbia,636893
1982,11,District of Columbia,634174
1983,11,District of Columbia,632433
1984,11,District of Columbia,633382
1985,11,District of Columbia,634549
1986,11,District of Columbia,638269
1987,11,District of Columbia,636930
1988,11,District of Columbia,630432
1989,11,District of Columbia,624168
1990,11,District of Columbia,603814
1991,11,District of Columbia,593239
1992,11,District of Columbia,584183
1993,11,District of Columbia,576358
1994,11,District of Columbia,564982
1995,11,District of Columbia,551273
1996,11,District of Columbia,538273
1997,11,District of Columbia,528752
1998,11,District of Columbia,521426
1999,11,District of Columbia,519000
2000,11,District of Columbia,572046
2001,11,District of Columbia,574504
2002,11,District of Columbia,573158
2003,11,District of Columbia,568502
2004,11,District of Columbia,567754
2005,11,District of Columbia,567136
2006,11,District of Columbia,570681
2007,11,District of Columbia,574404
2008,11,District of Columbia,580236
2009,11,District of Columbia,592228
2010,11,District of Columbia,605282
2011,11,District of Columbia,620290
2012,11,District of Columbia,635737
2013,11,District of Columbia,651559
2014,11,District of Columbia,663603
2015,11,District of Columbia,677014
2016,11,District of Columbia,687576
2017,11,District of Columbia,697079
2018,11,District of Columbia,704147
2019,11,District of Columbia,708253
2020,11,District of Columbia,670868
2021,11,District of Columbia,668791
2022,11,District of Columbia,671803
1970,12,Florida,6791418
1971,12,Florida,7158307
1972,12,Florida,7511463
1973,12,Florida,7913696
1974,12,Florida,8298760
1975,12,Florida,8518423
1976,12,Florida,8667382
1977,12,Florida,8856183
1978,12,Florida,9102032
1979,12,Florida,9426159
1980,12,Florida,9746324
1981,12,Florida,10192774
1982,12,Florida,10471407
1983,12,Florida,10749851
1984,12,Florida,11039925
1985,12,Florida,11351118
1986,12,Florida,11667505
1987,12,Florida,11997283
1988,12,Florida,12306395
1989,12,Florida,12637715
1990,12,Florida,13018365
1991,12,Florida,13289497
1992,12,Florida,13504775
1993,12,Florida,13713593
1994,12,Florida,13961798
1995,12,Florida,14185403
1996,12,Florida,14426911
1997,12,Florida,14683350
1998,12,Florida,14908230
1999,12,Florida,15111244
2000,12,Florida,16047515
2001,12,Florida,16356966
2002,12,Florida,16689370
2003,12,Florida,17004085
2004,12,Florida,17415318
2005,12,Florida,17842038
2006,12,Florida,18166990
2007,12,Florida,18367842
2008,12,Florida,18527305
2009,12,Florida,18652644
2010,12,Florida,18846143
2011,12,Florida,19055607
2012,12,Florida,19302016
2013,12,Florida,19551678
2014,12,Florida,19853880
2015,12,Florida,20219111
2016,12,Florida,20627237
2017,12,Florida,20977089
2018,12,Florida,21254926
2019,12,Florida,21492056
2020,12,Florida,21589602
2021,12,Florida,21828069
2022,12,Florida,22244823
1970,13,Georgia,4587930
1971,13,Georgia,4711550
1972,13,Georgia,4809489
1973,13,Georgia,4910374
1974,13,Georgia,4999420
1975,13,Georgia,5064076
1976,13,Georgia,5132813
1977,13,Georgia,5219699
1978,13,Georgia,5295753
1979,13,Georgia,5401385
1980,13,Georgia,5463105
1981,13,Georgia,5568345
1982,13,Georgia,5649792
1983,13,Georgia,5728250
1984,13,Georgia,5834954
1985,13,Georgia,5962661
1986,13,Georgia,6084666
1987,13,Georgia,6208467
1988,13,Georgia,6316142
1989,13,Georgia,6411099
1990,13,Georgia,6506531
1991,13,Georgia,6621279
1992,13,Georgia,6759474
1993,13,Georgia,6894092
1994,13,Georgia,7045900
1995,13,Georgia,7188538
1996,13,Georgia,7332225
1997,13,Georgia,7486094
1998,13,Georgia,7636522
1999,13,Georgia,7788240
2000,13,Georgia,8227303
2001,13,Georgia,8377038
2002,13,Georgia,8508256
2003,13,Georgia,8622793
2004,13,Georgia,8769252
2005,13,Georgia,8925922
2006,13,Georgia,9155813
2007,13,Georgia,9349988
2008,13,Georgia,9504843
2009,13,Georgia,9620846
2010,13,Georgia,9712209
2011,13,Georgia,9803630
2012,13,Georgia,9903580
2013,13,Georgia,9975592
2014,13,Georgia,10071204
2015,13,Georgia,10183353
2016,13,Georgia,10308442
2017,13,Georgia,10417031
2018,13,Georgia,10519389
2019,13,Georgia,10628020
2020,13,Georgia,10729828
2021,13,Georgia,10788029
2022,13,Georgia,10912876
1970,15,Hawaii,769913
1971,15,Hawaii,801644
1972,15,Hawaii,828330
1973,15,Hawaii,851596
1974,15,Hawaii,867976
1975,15,Hawaii,886159
1976,15,Hawaii,904191
1977,15,Hawaii,918257
1978,15,Hawaii,931586
1979,15,Hawaii,953305
1980,15,Hawaii,964691
1981,15,Hawaii,978195
1982,15,Hawaii,993780
1983,15,Hawaii,1012717
1984,15,Hawaii,1027922
1985,15,Hawaii,1039698
1986,15,Hawaii,1051762
1987,15,Hawaii,1067918
1988,15,Hawaii,1079828
1989,15,Hawaii,1094588
1990,15,Hawaii,1112703
1991,15,Hawaii,1131412
1992,15,Hawaii,1149926
1993,15,Hawaii,1161508
1994,15,Hawaii,1173903
1995,15,Hawaii,1180490
1996,15,Hawaii,1184434
1997,15,Hawaii,1189322
1998,15,Hawaii,1190472
1999,15,Hawaii,1185497
2000,15,Hawaii,1213519
2001,15,Hawaii,1225948
2002,15,Hawaii,1239613
2003,15,Hawaii,1251154
2004,15,Hawaii,1273569
2005,15,Hawaii,1292729
2006,15,Hawaii,1309731
2007,15,Hawaii,1315675
2008,15,Hawaii,1332213
2009,15,Hawaii,1346717
2010,15,Hawaii,1364004
2011,15,Hawaii,1379562
2012,15,Hawaii,1395199
2013,15,Hawaii,1408822
2014,15,Hawaii,1415335
2015,15,Hawaii,1422999
2016,15,Hawaii,1428885
2017,15,Hawaii,1425763
2018,15,Hawaii,1423102
2019,15,Hawaii,1415615
2020,15,Hawaii,1451043
2021,15,Hawaii,1447154
2022,15,Hawaii,1440196
1970,16,Idaho,713015
1971,16,Idaho,738753
1972,16,Idaho,763237
1973,16,Idaho,782072
1974,16,Idaho,807990
1975,16,Idaho,831983
1976,16,Idaho,856983
1977,16,Idaho,883471
1978,16,Idaho,910691
1979,16,Idaho,932626
1980,16,Idaho,943935
1981,16,Idaho,962204
1982,16,Idaho,973721
1983,16,Idaho,981869
1984,16,Idaho,990839
1985,16,Idaho,994051
1986,16,Idaho,990224
1987,16,Idaho,984997
1988,16,Idaho,985664
1989,16,Idaho,994416
1990,16,Idaho,1011882
1991,16,Idaho,1038915
1992,16,Idaho,1066490
1993,16,Idaho,1101204
1994,16,Idaho,1135459
1995,16,Idaho,1165000
1996,16,Idaho,1187706
1997,16,Idaho,1210638
1998,16,Idaho,1230923
1999,16,Idaho,1251700
2000,16,Idaho,1299430
2001,16,Idaho,1319962
2002,16,Idaho,1340372
2003,16,Idaho,1363380
2004,16,Idaho,1391802
2005,16,Idaho,1428241
2006,16,Idaho,1468669
2007,16,Idaho,1505105
2008,16,Idaho,1534320
2009,16,Idaho,1554439
2010,16,Idaho,1570819
2011,16,Idaho,1584272
2012,16,Idaho,1595910
2013,16,Idaho,1612053
2014,16,Idaho,1632248
2015,16,Idaho,1652495
2016,16,Idaho,1684036
2017,16,Idaho,1719745
2018,16,Idaho,1752074
2019,16,Idaho,1789060
2020,16,Idaho,1849202
2021,16,Idaho,1904314
2022,16,Idaho,1939033
1970,17,Illinois,11110285
1971,17,Illinois,11202398
1972,17,Illinois,11251951
1973,17,Illinois,11251369
1974,17,Illinois,11262147
1975,17,Illinois,11291746
1976,17,Illinois,11342854
1977,17,Illinois,11386319
1978,17,Illinois,11412562
1979,17,Illinois,11396840
1980,17,Illinois,11426518
1981,17,Illinois,11443458
1982,17,Illinois,11423412
1983,17,Illinois,11408818
1984,17,Illinois,11412132
1985,17,Illinois,11399806
1986,17,Illinois,11387257
1987,17,Illinois,11391178
1988,17,Illinois,11390183
1989,17,Illinois,11409782
1990,17,Illinois,11446979
1991,17,Illinois,11535973
1992,17,Illinois,11635197
1993,17,Illinois,11725984
1994,17,Illinois,11804986
1995,17,Illinois,11884935
1996,17,Illinois,11953003
1997,17,Illinois,12011509
1998,17,Illinois,12069774
1999,17,Illinois,12128370
2000,17,Illinois,12434161
2001,17,Illinois,12488445
2002,17,Illinois,12525556
2003,17,Illinois,12556006
2004,17,Illinois,12589773
2005,17,Illinois,12609903
2006,17,Illinois,12643955
2007,17,Illinois,12695866
2008,17,Illinois,12747038
2009,17,Illinois,12796778
2010,17,Illinois,12840545
2011,17,Illinois,12867783
2012,17,Illinois,12883029
2013,17,Illinois,12895778
2014,17,Illinois,12885092
2015,17,Illinois,12859585
2016,17,Illinois,12821709
2017,17,Illinois,12779893
2018,17,Illinois,12724685
2019,17,Illinois,12667017
2020,17,Illinois,12786580
2021,17,Illinois,12686469
2022,17,Illinois,12582032
1970,18,Indiana,5195392
1971,18,Indiana,5253399
1972,18,Indiana,5302437
1973,18,Indiana,5338280
1974,18,Indiana,5361891
1975,18,Indiana,5365766
1976,18,Indiana,5389089
1977,18,Indiana,5425637
1978,18,Indiana,5470213
1979,18,Indiana,5501176
1980,18,Indiana,5490224
1981,18,Indiana,5480435
1982,18,Indiana,5467922
1983,18,Indiana,5450395
1984,18,Indiana,5458322
1985,18,Indiana,5459211
1986,18,Indiana,5454108
1987,18,Indiana,5473012
1988,18,Indiana,5491735
1989,18,Indiana,5523693
1990,18,Indiana,5555097
1991,18,Indiana,5602062
1992,18,Indiana,5648649
1993,18,Indiana,5701965
1994,18,Indiana,5745626
1995,18,Indiana,5791819
1996,18,Indiana,5834908
1997,18,Indiana,5872370
1998,18,Indiana,5907617
1999,18,Indiana,5942901
2000,18,Indiana,6091866
2001,18,Indiana,6127760
2002,18,Indiana,6155967
2003,18,Indiana,6196638
2004,18,Indiana,6233007
2005,18,Indiana,6278616
2006,18,Indiana,6332669
2007,18,Indiana,6379599
2008,18,Indiana,6424806
2009,18,Indiana,6459325
2010,18,Indiana,6490555
2011,18,Indiana,6517250
2012,18,Indiana,6538989
2013,18,Indiana,6570575
2014,18,Indiana,6596019
2015,18,Indiana,6611442
2016,18,Indiana,6637898
2017,18,Indiana,6662068
2018,18,Indiana,6698481
2019,18,Indiana,6731010
2020,18,Indiana,6788799
2021,18,Indiana,6813532
2022,18,Indiana,6833037
1970,19,Iowa,2825368
1971,19,Iowa,2851706
1972,19,Iowa,2860289
1973,19,Iowa,2863715
1974,19,Iowa,2867534
1975,19,Iowa,2880848
1976,19,Iowa,2903082
1977,19,Iowa,2913573
1978,19,Iowa,2918071
1979,19,Iowa,2915739
1980,19,Iowa,2913808
1981,19,Iowa,2907983
1982,19,Iowa,2888189
1983,19,Iowa,2870543
1984,19,Iowa,2858618
1985,19,Iowa,2829684
1986,19,Iowa,2791970
1987,19,Iowa,2767011
1988,19,Iowa,2768388
1989,19,Iowa,2770592
1990,19,Iowa,2779769
1991,19,Iowa,2791227
1992,19,Iowa,2806923
1993,19,Iowa,2820525
1994,19,Iowa,2829422
1995,19,Iowa,2840860
1996,19,Iowa,2848473
1997,19,Iowa,2854396
1998,19,Iowa,2861025
1999,19,Iowa,2869413
2000,19,Iowa,2929067
2001,19,Iowa,2931997
2002,19,Iowa,2934234
2003,19,Iowa,2941999
2004,19,Iowa,2953635
2005,19,Iowa,2964454
2006,19,Iowa,2982644
2007,19,Iowa,2999212
2008,19,Iowa,3016734
2009,19,Iowa,3032870
2010,19,Iowa,3050819
2011,19,Iowa,3066772
2012,19,Iowa,3076844
2013,19,Iowa,3093935
2014,19,Iowa,3110643
2015,19,Iowa,3122541
2016,19,Iowa,3133210
2017,19,Iowa,3143734
2018,19,Iowa,3149900
2019,19,Iowa,3159596
2020,19,Iowa,3190571
2021,19,Iowa,3197689
2022,19,Iowa,3200517
1970,20,Kansas,2249071
1971,20,Kansas,2246601
1972,20,Kansas,2256375
1973,20,Kansas,2265602
1974,20,Kansas,2269500
1975,20,Kansas,2280578
1976,20,Kansas,2300999
1977,20,Kansas,2320647
1978,20,Kansas,2335657
1979,20,Kansas,2350908
1980,20,Kansas,2363679
1981,20,Kansas,2384849
1982,20,Kansas,2401202
1983,20,Kansas,2415531
1984,20,Kansas,2424086
1985,20,Kansas,2427405
1986,20,Kansas,2432619
1987,20,Kansas,2445367
1988,20,Kansas,2461996
1989,20,Kansas,2472849
1990,20,Kansas,2480683
1991,20,Kansas,2495209
1992,20,Kansas,2526042
1993,20,Kansas,2547605
1994,20,Kansas,2569118
1995,20,Kansas,2586942
1996,20,Kansas,2598266
1997,20,Kansas,2616339
1998,20,Kansas,2638667
1999,20,Kansas,2654052
2000,20,Kansas,2693681
2001,20,Kansas,2702162
2002,20,Kansas,2713535
2003,20,Kansas,2723004
2004,20,Kansas,2734373
2005,20,Kansas,2745299
2006,20,Kansas,2762931
2007,20,Kansas,2783785
2008,20,Kansas,2808076
2009,20,Kansas,2832704
2010,20,Kansas,2858266
2011,20,Kansas,2869677
2012,20,Kansas,2886024
2013,20,Kansas,2894306
2014,20,Kansas,2901861
2015,20,Kansas,2910717
2016,20,Kansas,2912977
2017,20,Kansas,2910892
2018,20,Kansas,2912748
2019,20,Kansas,2912635
2020,20,Kansas,2937919
2021,20,Kansas,2937922
2022,20,Kansas,2937150
1970,21,Kentucky,3220711
1971,21,Kentucky,3298054
1972,21,Kentucky,3335732
1973,21,Kentucky,3371024
1974,21,Kentucky,3416315
1975,21,Kentucky,3467769
1976,21,Kentucky,3529258
1977,21,Kentucky,3573694
1978,21,Kentucky,3609976
1979,21,Kentucky,3641806
1980,21,Kentucky,3660777
1981,21,Kentucky,3670394
1982,21,Kentucky,3683445
1983,21,Kentucky,3694484
1984,21,Kentucky,3695453
1985,21,Kentucky,3694826
1986,21,Kentucky,3687809
1987,21,Kentucky,3683329
1988,21,Kentucky,3679999
1989,21,Kentucky,3677306
1990,21,Kentucky,3692584
1991,21,Kentucky,3714686
1992,21,Kentucky,3756358
1993,21,Kentucky,3792288
1994,21,Kentucky,3823215
1995,21,Kentucky,3855248
1996,21,Kentucky,3881051
1997,21,Kentucky,3907816
1998,21,Kentucky,3934310
1999,21,Kentucky,3960825
2000,21,Kentucky,4049021
2001,21,Kentucky,4068132
2002,21,Kentucky,4089875
2003,21,Kentucky,4117170
2004,21,Kentucky,4146101
2005,21,Kentucky,4182742
2006,21,Kentucky,4219239
2007,21,Kentucky,4256672
2008,21,Kentucky,4289878
2009,21,Kentucky,4317074
2010,21,Kentucky,4348464
2011,21,Kentucky,4370817
2012,21,Kentucky,4387865
2013,21,Kentucky,4406906
2014,21,Kentucky,4416992
2015,21,Kentucky,4429126
2016,21,Kentucky,4440306
2017,21,Kentucky,4455590
2018,21,Kentucky,4464273
2019,21,Kentucky,4472345
2020,21,Kentucky,4507445
2021,21,Kentucky,4506589
2022,21,Kentucky,4512310
1970,22,Louisiana,3644637
1971,22,Louisiana,3710490
1972,22,Louisiana,3761645
1973,22,Louisiana,3788374
1974,22,Louisiana,3820110
1975,22,Louisiana,3886104
1976,22,Louisiana,3950606
1977,22,Louisiana,4014462
1978,22,Louisiana,4068578
1979,22,Louisiana,4137666
1980,22,Louisiana,4205900
1981,22,Louisiana,4283303
1982,22,Louisiana,4352608
1983,22,Louisiana,4395316
1984,22,Louisiana,4400477
1985,22,Louisiana,4408118
1986,22,Louisiana,4406919
1987,22,Louisiana,4344148
1988,22,Louisiana,4288863
1989,22,Louisiana,4252894
1990,22,Louisiana,4219179
1991,22,Louisiana,4240950
1992,22,Louisiana,4270849
1993,22,Louisiana,4284749
1994,22,Louisiana,4306500
1995,22,Louisiana,4327978
1996,22,Louisiana,4338763
1997,22,Louisiana,4351390
1998,22,Louisiana,4362758
1999,22,Louisiana,4372035
2000,22,Louisiana,4471885
2001,22,Louisiana,4477875
2002,22,Louisiana,4497267
2003,22,Louisiana,4521042
2004,22,Louisiana,4552238
2005,22,Louisiana,4576628
2006,22,Louisiana,4302665
2007,22,Louisiana,4375581
2008,22,Louisiana,4435586
2009,22,Louisiana,4491648
2010,22,Louisiana,4544635
2011,22,Louisiana,4576244
2012,22,Louisiana,4602067
2013,22,Louisiana,4626040
2014,22,Louisiana,4645938
2015,22,Louisiana,4666998
2016,22,Louisiana,4681346
2017,22,Louisiana,4673673
2018,22,Louisiana,4664450
2019,22,Louisiana,4658285
2020,22,Louisiana,4651664
2021,22,Louisiana,4627098
2022,22,Louisiana,4590241
1970,23,Maine,993722
1971,23,Maine,1015389
1972,23,Maine,1034292
1973,23,Maine,1045655
1974,23,Maine,1059040
1975,23,Maine,1071996
1976,23,Maine,1088411
1977,23,Maine,1103577
1978,23,Maine,1113565
1979,23,Maine,1122564
1980,23,Maine,1124660
1981,23,Maine,1133033
1982,23,Maine,1136684
1983,23,Maine,1144772
1984,23,Maine,1155635
1985,23,Maine,1162936
1986,23,Maine,1170126
1987,23,Maine,1184574
1988,23,Maine,1203840
1989,23,Maine,1219961
1990,23,Maine,1231296
1991,23,Maine,1235439
1992,23,Maine,1235748
1993,23,Maine,1238256
1994,23,Maine,1237687
1995,23,Maine,1237438
1996,23,Maine,1241436
1997,23,Maine,1245215
1998,23,Maine,1247554
1999,23,Maine,1253040
2000,23,Maine,1277072
2001,23,Maine,1285692
2002,23,Maine,1295960
2003,23,Maine,1306513
2004,23,Maine,1313688
2005,23,Maine,1318787
2006,23,Maine,1323619
2007,23,Maine,1327040
2008,23,Maine,1330509
2009,23,Maine,1329590
2010,23,Maine,1327651
2011,23,Maine,1328473
2012,23,Maine,1328094
2013,23,Maine,1328543
2014,23,Maine,1331217
2015,23,Maine,1329098
2016,23,Maine,1332348
2017,23,Maine,1335743
2018,23,Maine,1340123
2019,23,Maine,1345770
2020,23,Maine,1363557
2021,23,Maine,1377238
2022,23,Maine,1385340
1970,24,Maryland,3923897
1971,24,Maryland,4018323
1972,24,Maryland,4073500
1973,24,Maryland,4097977
1974,24,Maryland,4118818
1975,24,Maryland,4139096
1976,24,Maryland,4150538
1977,24,Maryland,4169594
1978,24,Maryland,4183604
1979,24,Maryland,4191163
1980,24,Maryland,4216975
1981,24,Maryland,4261905
1982,24,Maryland,4282923
1983,24,Maryland,4313327
1984,24,Maryland,4365243
1985,24,Maryland,4413071
1986,24,Maryland,4486957
1987,24,Maryland,4565557
1988,24,Maryland,4657904
1989,24,Maryland,4727301
1990,24,Maryland,4797431
1991,24,Maryland,4856176
1992,24,Maryland,4902545
1993,24,Maryland,4942504
1994,24,Maryland,4985411
1995,24,Maryland,5023650
1996,24,Maryland,5057142
1997,24,Maryland,5092914
1998,24,Maryland,5130072
1999,24,Maryland,5171634
2000,24,Maryland,5311034
2001,24,Maryland,5374691
2002,24,Maryland,5440389
2003,24,Maryland,5496269
2004,24,Maryland,5546935
2005,24,Maryland,5592379
2006,24,Maryland,5627367
2007,24,Maryland,5653408
2008,24,Maryland,5684965
2009,24,Maryland,5730388
2010,24,Maryland,5788784
2011,24,Maryland,5840241
2012,24,Maryland,5888375
2013,24,Maryland,5925197
2014,24,Maryland,5960064
2015,24,Maryland,5988528
2016,24,Maryland,6007014
2017,24,Maryland,6028186
2018,24,Maryland,6042153
2019,24,Maryland,6054954
2020,24,Maryland,6173205
2021,24,Maryland,6174610
2022,24,Maryland,6164660
1970,25,Massachusetts,5689170
1971,25,Massachusetts,5737581
1972,25,Massachusetts,5760302
1973,25,Massachusetts,5781172
1974,25,Massachusetts,5773548
1975,25,Massachusetts,5757757
1976,25,Massachusetts,5743673
1977,25,Massachusetts,5738201
1978,25,Massachusetts,5736470
1979,25,Massachusetts,5738406
1980,25,Massachusetts,5737037
1981,25,Massachusetts,5768685
1982,25,Massachusetts,5771222
1983,25,Massachusetts,5799407
1984,25,Massachusetts,5840773
1985,25,Massachusetts,5880733
1986,25,Massachusetts,5902678
1987,25,Massachusetts,5935204
1988,25,Massachusetts,5979982
1989,25,Massachusetts,6015478
1990,25,Massachusetts,6018664
1991,25,Massachusetts,5998652
1992,25,Massachusetts,5993474
1993,25,Massachusetts,6010884
1994,25,Massachusetts,6031352
1995,25,Massachusetts,6062335
1996,25,Massachusetts,6085393
1997,25,Massachusetts,6115476
1998,25,Massachusetts,6144407
1999,25,Massachusetts,6175169
2000,25,Massachusetts,6361104
2001,25,Massachusetts,6397634
2002,25,Massachusetts,6417206
2003,25,Massachusetts,6422565
2004,25,Massachusetts,6412281
2005,25,Massachusetts,6403290
2006,25,Massachusetts,6410084
2007,25,Massachusetts,6431559
2008,25,Massachusetts,6468967
2009,25,Massachusetts,6517613
2010,25,Massachusetts,6566440
2011,25,Massachusetts,6614218
2012,25,Massachusetts,6664269
2013,25,Massachusetts,6715158
2014,25,Massachusetts,6764864
2015,25,Massachusetts,6797484
2016,25,Massachusetts,6827280
2017,25,Massachusetts,6863560
2018,25,Massachusetts,6885720
2019,25,Massachusetts,6894883
2020,25,Massachusetts,6995729
2021,25,Massachusetts,6989690
2022,25,Massachusetts,6981974
1970,26,Michigan,8881826
1971,26,Michigan,8974187
1972,26,Michigan,9028945
1973,26,Michigan,9077959
1974,26,Michigan,9117509
1975,26,Michigan,9117668
1976,26,Michigan,9129205
1977,26,Michigan,9171110
1978,26,Michigan,9217762
1979,26,Michigan,9266269
1980,26,Michigan,9262078
1981,26,Michigan,9209287
1982,26,Michigan,9115198
1983,26,Michigan,9047754
1984,26,Michigan,9049452
1985,26,Michigan,9076293
1986,26,Michigan,9127775
1987,26,Michigan,9187481
1988,26,Michigan,9217998
1989,26,Michigan,9253295
1990,26,Michigan,9310462
1991,26,Michigan,9395022
1992,26,Michigan,9470323
1993,26,Michigan,9529240
1994,26,Michigan,9584481
1995,26,Michigan,9659871
1996,26,Michigan,9739184
1997,26,Michigan,9785450
1998,26,Michigan,9820231
1999,26,Michigan,9863775
2000,26,Michigan,9952450
2001,26,Michigan,9991120
2002,26,Michigan,10015710
2003,26,Michigan,10041152
2004,26,Michigan,10055315
2005,26,Michigan,10051137
2006,26,Michigan,10036081
2007,26,Michigan,10001284
2008,26,Michigan,9946889
2009,26,Michigan,9901591
2010,26,Michigan,9877597
2011,26,Michigan,9883053
2012,26,Michigan,9898289
2013,26,Michigan,9914802
2014,26,Michigan,9932033
2015,26,Michigan,9934483
2016,26,Michigan,9954117
2017,26,Michigan,9976752
2018,26,Michigan,9987286
2019,26,Michigan,9984795
2020,26,Michigan,10069577
2021,26,Michigan,10037504
2022,26,Michigan,10034113
1970,27,Minnesota,3806103
1971,27,Minnesota,3853487
1972,27,Minnesota,3869746
1973,27,Minnesota,3889331
1974,27,Minnesota,3903924
1975,27,Minnesota,3932514
1976,27,Minnesota,3964680
1977,27,Minnesota,3989365
1978,27,Minnesota,4015341
1979,27,Minnesota,4050317
1980,27,Minnesota,4075970
1981,27,Minnesota,4111728
1982,27,Minnesota,4131450
1983,27,Minnesota,4141456
1984,27,Minnesota,4157706
1985,27,Minnesota,4184302
1986,27,Minnesota,4205212
1987,27,Minnesota,4235136
1988,27,Minnesota,4296166
1989,27,Minnesota,4338057
1990,27,Minnesota,4387283
1991,27,Minnesota,4427429
1992,27,Minnesota,4471503
1993,27,Minnesota,4521709
1994,27,Minnesota,4566028
1995,27,Minnesota,4605445
1996,27,Minnesota,4647723
1997,27,Minnesota,4687726
1998,27,Minnesota,4726411
1999,27,Minnesota,4775508
2000,27,Minnesota,4933692
2001,27,Minnesota,4982796
2002,27,Minnesota,5018935
2003,27,Minnesota,5053572
2004,27,Minnesota,5087713
2005,27,Minnesota,5119598
2006,27,Minnesota,5163555
2007,27,Minnesota,5207203
2008,27,Minnesota,5247018
2009,27,Minnesota,5281203
2010,27,Minnesota,5310934
2011,27,Minnesota,5346620
2012,27,Minnesota,5377500
2013,27,Minnesota,5414722
2014,27,Minnesota,5452665
2015,27,Minnesota,5484002
2016,27,Minnesota,5525360
2017,27,Minnesota,5569283
2018,27,Minnesota,5608762
2019,27,Minnesota,5640053
2020,27,Minnesota,5709852
2021,27,Minnesota,5711471
2022,27,Minnesota,5717184
1970,28,Mississippi,2216994
1971,28,Mississippi,2265434
1972,28,Mississippi,2307116
1973,28,Mississippi,2349547
1974,28,Mississippi,2378271
1975,28,Mississippi,2399449
1976,28,Mississippi,2429754
1977,28,Mississippi,2459202
1978,28,Mississippi,2487817
1979,28,Mississippi,2507067
1980,28,Mississippi,2520638
1981,28,Mississippi,2539036
1982,28,Mississippi,2556777
1983,28,Mississippi,2567717
1984,28,Mississippi,2578051
1985,28,Mississippi,2588102
1986,28,Mississippi,2593597
1987,28,Mississippi,2588545
1988,28,Mississippi,2580352
1989,28,Mississippi,2574269
1990,28,Mississippi,2577426
1991,28,Mississippi,2591230
1992,28,Mississippi,2610193
1993,28,Mississippi,2635574
1994,28,Mississippi,2663450
1995,28,Mississippi,2690788
1996,28,Mississippi,2709925
1997,28,Mississippi,2731826
1998,28,Mississippi,2751335
1999,28,Mississippi,2768619
2000,28,Mississippi,2848353
2001,28,Mississippi,2852994
2002,28,Mississippi,2858681
2003,28,Mississippi,2868312
2004,28,Mississippi,2889010
2005,28,Mississippi,2905943
2006,28,Mississippi,2904978
2007,28,Mississippi,2928350
2008,28,Mississippi,2947806
2009,28,Mississippi,2958774
2010,28,Mississippi,2970615
2011,28,Mississippi,2979147
2012,28,Mississippi,2984599
2013,28,Mississippi,2989839
2014,28,Mississippi,2991892
2015,28,Mississippi,2990231
2016,28,Mississippi,2990595
2017,28,Mississippi,2990674
2018,28,Mississippi,2982879
2019,28,Mississippi,2978227
2020,28,Mississippi,2958141
2021,28,Mississippi,2949586
2022,28,Mississippi,2940057
1970,29,Missouri,4677623
1971,29,Missouri,4725766
1972,29,Missouri,4758780
1973,29,Missouri,4782644
1974,29,Missouri,4795933
1975,29,Missouri,4808308
1976,29,Missouri,4839028
1977,29,Missouri,4863175
1978,29,Missouri,4889400
1979,29,Missouri,4912428
1980,29,Missouri,4916686
1981,29,Missouri,4932064
1982,29,Missouri,4929451
1983,29,Missouri,4943733
1984,29,Missouri,4975278
1985,29,Missouri,5000268
1986,29,Missouri,5023068
1987,29,Missouri,5056696
1988,29,Missouri,5081736
1989,29,Missouri,5095830
1990,29,Missouri,5126370
1991,29,Missouri,5157770
1992,29,Missouri,5193686
1993,29,Missouri,5237757
1994,29,Missouri,5281206
1995,29,Missouri,5324610
1996,29,Missouri,5367888
1997,29,Missouri,5407113
1998,29,Missouri,5437562
1999,29,Missouri,5468338
2000,29,Missouri,5607285
2001,29,Missouri,5641142
2002,29,Missouri,5674825
2003,29,Missouri,5709403
2004,29,Missouri,5747741
2005,29,Missouri,5790300
2006,29,Missouri,5842704
2007,29,Missouri,5887612
2008,29,Missouri,5923916
2009,29,Missouri,5961088
2010,29,Missouri,5996089
2011,29,Missouri,6011182
2012,29,Missouri,6026027
2013,29,Missouri,6042989
2014,29,Missouri,6059130
2015,29,Missouri,6075411
2016,29,Missouri,6091384
2017,29,Missouri,6111382
2018,29,Missouri,6125986
2019,29,Missouri,6140475
2020,29,Missouri,6153998
2021,29,Missouri,6169823
2022,29,Missouri,6177957
1970,30,Montana,694409
1971,30,Montana,710817
1972,30,Montana,718732
1973,30,Montana,726798
1974,30,Montana,736421
1975,30,Montana,748210
1976,30,Montana,757319
1977,30,Montana,769954
1978,30,Montana,782316
1979,30,Montana,787308
1980,30,Montana,786690
1981,30,Montana,795328
1982,30,Montana,803986
1983,30,Montana,814031
1984,30,Montana,820905
1985,30,Montana,822320
1986,30,Montana,813739
1987,30,Montana,805063
1988,30,Montana,800202
1989,30,Montana,799636
1990,30,Montana,799824
1991,30,Montana,807837
1992,30,Montana,822436
1993,30,Montana,839876
1994,30,Montana,854923
1995,30,Montana,868522
1996,30,Montana,876656
1997,30,Montana,878706
1998,30,Montana,879533
1999,30,Montana,882779
2000,30,Montana,903773
2001,30,Montana,906961
2002,30,Montana,911667
2003,30,Montana,919630
2004,30,Montana,930009
2005,30,Montana,940102
2006,30,Montana,952692
2007,30,Montana,964706
2008,30,Montana,976415
2009,30,Montana,983982
2010,30,Montana,990730
2011,30,Montana,997518
2012,30,Montana,1004168
2013,30,Montana,1014158
2014,30,Montana,1022657
2015,30,Montana,1031495
2016,30,Montana,1042137
2017,30,Montana,1053862
2018,30,Montana,1061818
2019,30,Montana,1070123
2020,30,Montana,1087075
2021,30,Montana,1106227
2022,30,Montana,1122867
1970,31,Nebraska,1485333
1971,31,Nebraska,1504605
1972,31,Nebraska,1519012
1973,31,Nebraska,1529568
1974,31,Nebraska,1539191
1975,31,Nebraska,1543116
1976,31,Nebraska,1550909
1977,31,Nebraska,1556843
1978,31,Nebraska,1563884
1979,31,Nebraska,1567344
1980,31,Nebraska,1569825
1981,31,Nebraska,1578515
1982,31,Nebraska,1581780
1983,31,Nebraska,1584293
1984,31,Nebraska,1588639
1985,31,Nebraska,1584664
1986,31,Nebraska,1574333
1987,31,Nebraska,1566547
1988,31,Nebraska,1571477
1989,31,Nebraska,1574864
1990,31,Nebraska,1580664
1991,31,Nebraska,1590805
1992,31,Nebraska,1602406
1993,31,Nebraska,1612149
1994,31,Nebraska,1621551
1995,31,Nebraska,1635142
1996,31,Nebraska,1647657
1997,31,Nebraska,1656042
1998,31,Nebraska,1660772
1999,31,Nebraska,1666028
2000,31,Nebraska,1713820
2001,31,Nebraska,1719836
2002,31,Nebraska,1728292
2003,31,Nebraska,1738643
2004,31,Nebraska,1749370
2005,31,Nebraska,1761497
2006,31,Nebraska,1772693
2007,31,Nebraska,1783440
2008,31,Nebraska,1796378
2009,31,Nebraska,1812683
2010,31,Nebraska,1829591
2011,31,Nebraska,1840914
2012,31,Nebraska,1853691
2013,31,Nebraska,1865813
2014,31,Nebraska,1879955
2015,31,Nebraska,1892059
2016,31,Nebraska,1906483
2017,31,Nebraska,1916998
2018,31,Nebraska,1925512
2019,31,Nebraska,1932571
2020,31,Nebraska,1962642
2021,31,Nebraska,1963554
2022,31,Nebraska,1967923
1970,32,Nevada,488738
1971,32,Nevada,520016
1972,32,Nevada,546789
1973,32,Nevada,568989
1974,32,Nevada,596823
1975,32,Nevada,619968
1976,32,Nevada,646975
1977,32,Nevada,678334
1978,32,Nevada,719436
1979,32,Nevada,765364
1980,32,Nevada,800493
1981,32,Nevada,847655
1982,32,Nevada,881537
1983,32,Nevada,901977
1984,32,Nevada,924922
1985,32,Nevada,951030
1986,32,Nevada,980613
1987,32,Nevada,1023376
1988,32,Nevada,1075022
1989,32,Nevada,1137382
1990,32,Nevada,1218629
1991,32,Nevada,1285046
1992,32,Nevada,1330694
1993,32,Nevada,1380197
1994,32,Nevada,1456388
1995,32,Nevada,1525777
1996,32,Nevada,1596476
1997,32,Nevada,1675581
1998,32,Nevada,1743772
1999,32,Nevada,1809253
2000,32,Nevada,2018741
2001,32,Nevada,2098399
2002,32,Nevada,2173791
2003,32,Nevada,2248850
2004,32,Nevada,2346222
2005,32,Nevada,2432143
2006,32,Nevada,2522658
2007,32,Nevada,2601072
2008,32,Nevada,2653630
2009,32,Nevada,2684665
2010,32,Nevada,2702483
2011,32,Nevada,2713114
2012,32,Nevada,2744670
2013,32,Nevada,2776956
2014,32,Nevada,2818935
2015,32,Nevada,2868531
2016,32,Nevada,2919555
2017,32,Nevada,2972097
2018,32,Nevada,3030725
2019,32,Nevada,3090771
2020,32,Nevada,3115648
2021,32,Nevada,3146402
2022,32,Nevada,3177772
1970,33,New Hampshire,737681
1971,33,New Hampshire,761851
1972,33,New Hampshire,781106
1973,33,New Hampshire,800951
1974,33,New Hampshire,815913
1975,33,New Hampshire,828557
1976,33,New Hampshire,845248
1977,33,New Hampshire,869762
1978,33,New Hampshire,891520
1979,33,New Hampshire,909075
1980,33,New Hampshire,920610
1981,33,New Hampshire,936621
1982,33,New Hampshire,947719
1983,33,New Hampshire,958134
1984,33,New Hampshire,976864
1985,33,New Hampshire,996753
1986,33,New Hampshire,1025053
1987,33,New Hampshire,1054289
1988,33,New Hampshire,1082577
1989,33,New Hampshire,1104522
1990,33,New Hampshire,1111831
1991,33,New Hampshire,1107055
1992,33,New Hampshire,1112766
1993,33,New Hampshire,1122191
1994,33,New Hampshire,1133054
1995,33,New Hampshire,1145604
1996,33,New Hampshire,1160768
1997,33,New Hampshire,1173239
1998,33,New Hampshire,1185823
1999,33,New Hampshire,1201134
2000,33,New Hampshire,1239882
2001,33,New Hampshire,1255517
2002,33,New Hampshire,1269089
2003,33,New Hampshire,1279840
2004,33,New Hampshire,1290121
2005,33,New Hampshire,1298492
2006,33,New Hampshire,1308389
2007,33,New Hampshire,1312540
2008,33,New Hampshire,1315906
2009,33,New Hampshire,1316102
2010,33,New Hampshire,1316807
2011,33,New Hampshire,1320444
2012,33,New Hampshire,1324677
2013,33,New Hampshire,1327272
2014,33,New Hampshire,1334257
2015,33,New Hampshire,1337480
2016,33,New Hampshire,1343694
2017,33,New Hampshire,1350395
2018,33,New Hampshire,1355064
2019,33,New Hampshire,1360783
2020,33,New Hampshire,1378587
2021,33,New Hampshire,1387505
2022,33,New Hampshire,1395231
1970,34,New Jersey,7171112
1971,34,New Jersey,7281111
1972,34,New Jersey,7335044
1973,34,New Jersey,7333085
1974,34,New Jersey,7332411
1975,34,New Jersey,7337767
1976,34,New Jersey,7339748
1977,34,New Jersey,7337173
1978,34,New Jersey,7350804
1979,34,New Jersey,7366514
1980,34,New Jersey,7364823
1981,34,New Jersey,7407472
1982,34,New Jersey,7430968
1983,34,New Jersey,7467785
1984,34,New Jersey,7515473
1985,34,New Jersey,7565528
1986,34,New Jersey,7622159
1987,34,New Jersey,7670742
1988,34,New Jersey,7712333
1989,34,New Jersey,7726089
1990,34,New Jersey,7757158
1991,34,New Jersey,7784269
1992,34,New Jersey,7827770
1993,34,New Jersey,7874891
1994,34,New Jersey,7918796
1995,34,New Jersey,7965523
1996,34,New Jersey,8009624
1997,34,New Jersey,8054178
1998,34,New Jersey,8095542
1999,34,New Jersey,8143412
2000,34,New Jersey,8430621
2001,34,New Jersey,8492671
2002,34,New Jersey,8552643
2003,34,New Jersey,8601402
2004,34,New Jersey,8634561
2005,34,New Jersey,8651974
2006,34,New Jersey,8661679
2007,34,New Jersey,8677885
2008,34,New Jersey,8711090
2009,34,New Jersey,8755602
2010,34,New Jersey,8799451
2011,34,New Jersey,8828552
2012,34,New Jersey,8845671
2013,34,New Jersey,8857821
2014,34,New Jersey,8867277
2015,34,New Jersey,8870312
2016,34,New Jersey,8873584
2017,34,New Jersey,8888147
2018,34,New Jersey,8891730
2019,34,New Jersey,8891258
2020,34,New Jersey,9271689
2021,34,New Jersey,9267961
2022,34,New Jersey,9261699
1970,35,New Mexico,1017055
1971,35,New Mexico,1053737
1972,35,New Mexico,1078696
1973,35,New Mexico,1105529
1974,35,New Mexico,1131308
1975,35,New Mexico,1159944
1976,35,New Mexico,1189294
1977,35,New Mexico,1215720
1978,35,New Mexico,1238035
1979,35,New Mexico,1284722
1980,35,New Mexico,1302894
1981,35,New Mexico,1332748
1982,35,New Mexico,1363823
1983,35,New Mexico,1394361
1984,35,New Mexico,1416717
1985,35,New Mexico,1438361
1986,35,New Mexico,1462729
1987,35,New Mexico,1478520
1988,35,New Mexico,1490337
1989,35,New Mexico,1503901
1990,35,New Mexico,1519933
1991,35,New Mexico,1547115
1992,35,New Mexico,1580750
1993,35,New Mexico,1614937
1994,35,New Mexico,1653329
1995,35,New Mexico,1682417
1996,35,New Mexico,1706151
1997,35,New Mexico,1722939
1998,35,New Mexico,1733535
1999,35,New Mexico,1739844
2000,35,New Mexico,1821204
2001,35,New Mexico,1831690
2002,35,New Mexico,1855309
2003,35,New Mexico,1877574
2004,35,New Mexico,1903808
2005,35,New Mexico,1932274
2006,35,New Mexico,1962137
2007,35,New Mexico,1990070
2008,35,New Mexico,2010662
2009,35,New Mexico,2036802
2010,35,New Mexico,2064614
2011,35,New Mexico,2080707
2012,35,New Mexico,2087715
2013,35,New Mexico,2092833
2014,35,New Mexico,2090236
2015,35,New Mexico,2090071
2016,35,New Mexico,2092555
2017,35,New Mexico,2092844
2018,35,New Mexico,2093754
2019,35,New Mexico,2099634
2020,35,New Mexico,2118390
2021,35,New Mexico,2116677
2022,35,New Mexico,2113344
1970,36,New York,18241391
1971,36,New York,18357987
1972,36,New York,18339404
1973,36,New York,18177066
1974,36,New York,18049780
1975,36,New York,18003488
1976,36,New York,17940547
1977,36,New York,17812606
1978,36,New York,17680593
1979,36,New York,17583842
1980,36,New York,17558072
1981,36,New York,17567734
1982,36,New York,17589738
1983,36,New York,17686905
1984,36,New York,17745684
1985,36,New York,17791672
1986,36,New York,17833419
1987,36,New York,17868848
1988,36,New York,17941309
1989,36,New York,17983086
1990,36,New York,18002855
1991,36,New York,18029532
1992,36,New York,18082032
1993,36,New York,18140894
1994,36,New York,18156652
1995,36,New York,18150928
1996,36,New York,18143805
1997,36,New York,18143184
1998,36,New York,18159175
1999,36,New York,18196601
2000,36,New York,19001780
2001,36,New York,19082838
2002,36,New York,19137800
2003,36,New York,19175939
2004,36,New York,19171567
2005,36,New York,19132610
2006,36,New York,19104631
2007,36,New York,19132335
2008,36,New York,19212436
2009,36,New York,19307066
2010,36,New York,19399956
2011,36,New York,19499921
2012,36,New York,19574362
2013,36,New York,19626488
2014,36,New York,19653431
2015,36,New York,19657321
2016,36,New York,19636391
2017,36,New York,19593849
2018,36,New York,19544098
2019,36,New York,19463131
2020,36,New York,20108296
2021,36,New York,19857492
2022,36,New York,19677151
1970,37,North Carolina,5084411
1971,37,North Carolina,5203533
1972,37,North Carolina,5301150
1973,37,North Carolina,5389855
1974,37,North Carolina,5470912
1975,37,North Carolina,5547190
1976,37,North Carolina,5607966
1977,37,North Carolina,5685611
1978,37,North Carolina,5759492
1979,37,North Carolina,5823493
1980,37,North Carolina,5881766
1981,37,North Carolina,5956653
1982,37,North Carolina,6019101
1983,37,North Carolina,6077056
1984,37,North Carolina,6164006
1985,37,North Carolina,6253954
1986,37,North Carolina,6321578
1987,37,North Carolina,6403700
1988,37,North Carolina,6480594
1989,37,North Carolina,6565459
1990,37,North Carolina,6656987
1991,37,North Carolina,6748135
1992,37,North Carolina,6831850
1993,37,North Carolina,6947412
1994,37,North Carolina,7060959
1995,37,North Carolina,7185403
1996,37,North Carolina,7307658
1997,37,North Carolina,7428672
1998,37,North Carolina,7545828
1999,37,North Carolina,7650789
2000,37,North Carolina,8081614
2001,37,North Carolina,8210122
2002,37,North Carolina,8326201
2003,37,North Carolina,8422501
2004,37,North Carolina,8553152
2005,37,North Carolina,8705407
2006,37,North Carolina,8917270
2007,37,North Carolina,9118037
2008,37,North Carolina,9309449
2009,37,North Carolina,9449566
2010,37,North Carolina,9574586
2011,37,North Carolina,9658913
2012,37,North Carolina,9751810
2013,37,North Carolina,9846717
2014,37,North Carolina,9937295
2015,37,North Carolina,10037218
2016,37,North Carolina,10161802
2017,37,North Carolina,10275758
2018,37,North Carolina,10391358
2019,37,North Carolina,10501384
2020,37,North Carolina,10449445
2021,37,North Carolina,10565885
2022,37,North Carolina,10698973
1970,38,North Dakota,617792
1971,38,North Dakota,626761
1972,38,North Dakota,631118
1973,38,North Dakota,632675
1974,38,North Dakota,634557
1975,38,North Dakota,638887
1976,38,North Dakota,645797
1977,38,North Dakota,649769
1978,38,North Dakota,651302
1979,38,North Dakota,652893
1980,38,North Dakota,652717
1981,38,North Dakota,659505
1982,38,North Dakota,668972
1983,38,North Dakota,676688
1984,38,North Dakota,680497
1985,38,North Dakota,676980
1986,38,North Dakota,669512
1987,38,North Dakota,661136
1988,38,North Dakota,655331
1989,38,North Dakota,646351
1990,38,North Dakota,637364
1991,38,North Dakota,634199
1992,38,North Dakota,635427
1993,38,North Dakota,637229
1994,38,North Dakota,639762
1995,38,North Dakota,641548
1996,38,North Dakota,642858
1997,38,North Dakota,640945
1998,38,North Dakota,637808
1999,38,North Dakota,633666
2000,38,North Dakota,642023
2001,38,North Dakota,639062
2002,38,North Dakota,638168
2003,38,North Dakota,638817
2004,38,North Dakota,644705
2005,38,North Dakota,646089
2006,38,North Dakota,649422
2007,38,North Dakota,652822
2008,38,North Dakota,657569
2009,38,North Dakota,664968
2010,38,North Dakota,674752
2011,38,North Dakota,685526
2012,38,North Dakota,702227
2013,38,North Dakota,723149
2014,38,North Dakota,738736
2015,38,North Dakota,755537
2016,38,North Dakota,756114
2017,38,North Dakota,756755
2018,38,North Dakota,760062
2019,38,North Dakota,763724
2020,38,North Dakota,779518
2021,38,North Dakota,777934
2022,38,North Dakota,779261
1970,39,Ohio,10657423
1971,39,Ohio,10734823
1972,39,Ohio,10746998
1973,39,Ohio,10767316
1974,39,Ohio,10765760
1975,39,Ohio,10770427
1976,39,Ohio,10752663
1977,39,Ohio,10771396
1978,39,Ohio,10795584
1979,39,Ohio,10798301
1980,39,Ohio,10797630
1981,39,Ohio,10788330
1982,39,Ohio,10757087
1983,39,Ohio,10737632
1984,39,Ohio,10737746
1985,39,Ohio,10734926
1986,39,Ohio,10730268
1987,39,Ohio,10760090
1988,39,Ohio,10798552
1989,39,Ohio,10829217
1990,39,Ohio,10861837
1991,39,Ohio,10933683
1992,39,Ohio,11007609
1993,39,Ohio,11070385
1994,39,Ohio,11111451
1995,39,Ohio,11155493
1996,39,Ohio,11187032
1997,39,Ohio,11212498
1998,39,Ohio,11237752
1999,39,Ohio,11256654
2000,39,Ohio,11363543
2001,39,Ohio,11387404
2002,39,Ohio,11407889
2003,39,Ohio,11434788
2004,39,Ohio,11452251
2005,39,Ohio,11463320
2006,39,Ohio,11481213
2007,39,Ohio,11500468
2008,39,Ohio,11515391
2009,39,Ohio,11528896
2010,39,Ohio,11539449
2011,39,Ohio,11545735
2012,39,Ohio,11550971
2013,39,Ohio,11579692
2014,39,Ohio,11606573
2015,39,Ohio,11622315
2016,39,Ohio,11640060
2017,39,Ohio,11665706
2018,39,Ohio,11680892
2019,39,Ohio,11696507
2020,39,Ohio,11797517
2021,39,Ohio,11764342
2022,39,Ohio,11756058
1970,40,Oklahoma,2559463
1971,40,Oklahoma,2618601
1972,40,Oklahoma,2658648
1973,40,Oklahoma,2695932
1974,40,Oklahoma,2734766
1975,40,Oklahoma,2774682
1976,40,Oklahoma,2826814
1977,40,Oklahoma,2870012
1978,40,Oklahoma,2917336
1979,40,Oklahoma,2975311
1980,40,Oklahoma,3025290
1981,40,Oklahoma,3096164
1982,40,Oklahoma,3206123
1983,40,Oklahoma,3290402
1984,40,Oklahoma,3285533
1985,40,Oklahoma,3271332
1986,40,Oklahoma,3252735
1987,40,Oklahoma,3210122
1988,40,Oklahoma,3167057
1989,40,Oklahoma,3150307
1990,40,Oklahoma,3147105
1991,40,Oklahoma,3166471
1992,40,Oklahoma,3204174
1993,40,Oklahoma,3228829
1994,40,Oklahoma,3246119
1995,40,Oklahoma,3265547
1996,40,Oklahoma,3289634
1997,40,Oklahoma,3314259
1998,40,Oklahoma,3339478
1999,40,Oklahoma,3358044
2000,40,Oklahoma,3454365
2001,40,Oklahoma,3467100
2002,40,Oklahoma,3489080
2003,40,Oklahoma,3504892
2004,40,Oklahoma,3525233
2005,40,Oklahoma,3548597
2006,40,Oklahoma,3594090
2007,40,Oklahoma,3634349
2008,40,Oklahoma,3668976
2009,40,Oklahoma,3717572
2010,40,Oklahoma,3760014
2011,40,Oklahoma,3788824
2012,40,Oklahoma,3819320
2013,40,Oklahoma,3853891
2014,40,Oklahoma,3879187
2015,40,Oklahoma,3910518
2016,40,Oklahoma,3928143
2017,40,Oklahoma,3933602
2018,40,Oklahoma,3943488
2019,40,Oklahoma,3960676
2020,40,Oklahoma,3964912
2021,40,Oklahoma,3991225
2022,40,Oklahoma,4019800
1970,41,Oregon,2091533
1971,41,Oregon,2151023
1972,41,Oregon,2197296
1973,41,Oregon,2241928
1974,41,Oregon,2285012
1975,41,Oregon,2329660
1976,41,Oregon,2378262
1977,41,Oregon,2446673
1978,41,Oregon,2518299
1979,41,Oregon,2588013
1980,41,Oregon,2633105
1981,41,Oregon,2667982
1982,41,Oregon,2664922
1983,41,Oregon,2653066
1984,41,Oregon,2666588
1985,41,Oregon,2672652
1986,41,Oregon,2683528
1987,41,Oregon,2700991
1988,41,Oregon,2741297
1989,41,Oregon,2790575
1990,41,Oregon,2858547
1991,41,Oregon,2918745
1992,41,Oregon,2973934
1993,41,Oregon,3034490
1994,41,Oregon,3087142
1995,41,Oregon,3141421
1996,41,Oregon,3195087
1997,41,Oregon,3243254
1998,41,Oregon,3282055
1999,41,Oregon,3316154
2000,41,Oregon,3429708
2001,41,Oregon,3467937
2002,41,Oregon,3513424
2003,41,Oregon,3547376
2004,41,Oregon,3569463
2005,41,Oregon,3613202
2006,41,Oregon,3670883
2007,41,Oregon,3722417
2008,41,Oregon,3768748
2009,41,Oregon,3808600
2010,41,Oregon,3837614
2011,41,Oregon,3872672
2012,41,Oregon,3900102
2013,41,Oregon,3924110
2014,41,Oregon,3965447
2015,41,Oregon,4018542
2016,41,Oregon,4093271
2017,41,Oregon,4147294
2018,41,Oregon,4183538
2019,41,Oregon,4216116
2020,41,Oregon,4244795
2021,41,Oregon,4256301
2022,41,Oregon,4240137
1970,42,Pennsylvania,11800766
1971,42,Pennsylvania,11886402
1972,42,Pennsylvania,11908236
1973,42,Pennsylvania,11890529
1974,42,Pennsylvania,11870888
1975,42,Pennsylvania,11906097
1976,42,Pennsylvania,11897382
1977,42,Pennsylvania,11893595
1978,42,Pennsylvania,11879399
1979,42,Pennsylvania,11887979
1980,42,Pennsylvania,11863895
1981,42,Pennsylvania,11858567
1982,42,Pennsylvania,11845146
1983,42,Pennsylvania,11837723
1984,42,Pennsylvania,11815172
1985,42,Pennsylvania,11770862
1986,42,Pennsylvania,11782752
1987,42,Pennsylvania,11810866
1988,42,Pennsylvania,11845752
1989,42,Pennsylvania,11865996
1990,42,Pennsylvania,11895604
1991,42,Pennsylvania,11943160
1992,42,Pennsylvania,11980819
1993,42,Pennsylvania,12022128
1994,42,Pennsylvania,12042545
1995,42,Pennsylvania,12044780
1996,42,Pennsylvania,12038008
1997,42,Pennsylvania,12015888
1998,42,Pennsylvania,12002329
1999,42,Pennsylvania,11994016
2000,42,Pennsylvania,12284173
2001,42,Pennsylvania,12298970
2002,42,Pennsylvania,12331031
2003,42,Pennsylvania,12374658
2004,42,Pennsylvania,12410722
2005,42,Pennsylvania,12449990
2006,42,Pennsylvania,12510809
2007,42,Pennsylvania,12563937
2008,42,Pennsylvania,12612285
2009,42,Pennsylvania,12666858
2010,42,Pennsylvania,12711406
2011,42,Pennsylvania,12747052
2012,42,Pennsylvania,12769123
2013,42,Pennsylvania,12779538
2014,42,Pennsylvania,12792392
2015,42,Pennsylvania,12789838
2016,42,Pennsylvania,12788468
2017,42,Pennsylvania,12794679
2018,42,Pennsylvania,12809107
2019,42,Pennsylvania,12798883
2020,42,Pennsylvania,12994440
2021,42,Pennsylvania,13012059
2022,42,Pennsylvania,12972008
1970,44,Rhode Island,949723
1971,44,Rhode Island,963106
1972,44,Rhode Island,974791
1973,44,Rhode Island,975738
1974,44,Rhode Island,950613
1975,44,Rhode Island,942788
1976,44,Rhode Island,946087
1977,44,Rhode Island,950231
1978,44,Rhode Island,951816
1979,44,Rhode Island,950381
1980,44,Rhode Island,947154
1981,44,Rhode Island,953013
1982,44,Rhode Island,954170
1983,44,Rhode Island,956382
1984,44,Rhode Island,961894
1985,44,Rhode Island,968955
1986,44,Rhode Island,977341
1987,44,Rhode Island,989604
1988,44,Rhode Island,996408
1989,44,Rhode Island,1000666
1990,44,Rhode Island,1004649
1991,44,Rhode Island,1003990
1992,44,Rhode Island,1000571
1993,44,Rhode Island,997852
1994,44,Rhode Island,993412
1995,44,Rhode Island,989203
1996,44,Rhode Island,987858
1997,44,Rhode Island,986966
1998,44,Rhode Island,987704
1999,44,Rhode Island,990819
2000,44,Rhode Island,1050268
2001,44,Rhode Island,1057142
2002,44,Rhode Island,1065995
2003,44,Rhode Island,1071342
2004,44,Rhode Island,1074579
2005,44,Rhode Island,1067916
2006,44,Rhode Island,1063096
2007,44,Rhode Island,1057315
2008,44,Rhode Island,1055003
2009,44,Rhode Island,1053646
2010,44,Rhode Island,1053994
2011,44,Rhode Island,1053829
2012,44,Rhode Island,1054893
2013,44,Rhode Island,1055560
2014,44,Rhode Island,1056511
2015,44,Rhode Island,1056886
2016,44,Rhode Island,1057816
2017,44,Rhode Island,1056554
2018,44,Rhode Island,1059338
2019,44,Rhode Island,1058158
2020,44,Rhode Island,1096345
2021,44,Rhode Island,1096985
2022,44,Rhode Island,1093734
1970,45,South Carolina,2590713
1971,45,South Carolina,2662270
1972,45,South Carolina,2719197
1973,45,South Carolina,2776606
1974,45,South Carolina,2844747
1975,45,South Carolina,2902028
1976,45,South Carolina,2943655
1977,45,South Carolina,2991683
1978,45,South Carolina,3044365
1979,45,South Carolina,3090266
1980,45,South Carolina,3121820
1981,45,South Carolina,3179255
1982,45,South Carolina,3207614
1983,45,South Carolina,3234066
1984,45,South Carolina,3271868
1985,45,South Carolina,3303209
1986,45,South Carolina,3342758
1987,45,South Carolina,3380506
1988,45,South Carolina,3412096
1989,45,South Carolina,3456775
1990,45,South Carolina,3499064
1991,45,South Carolina,3559470
1992,45,South Carolina,3600576
1993,45,South Carolina,3634507
1994,45,South Carolina,3666456
1995,45,South Carolina,3699943
1996,45,South Carolina,3738974
1997,45,South Carolina,3790066
1998,45,South Carolina,3839578
1999,45,South Carolina,3885736
2000,45,South Carolina,4024223
2001,45,South Carolina,4064995
2002,45,South Carolina,4107795
2003,45,South Carolina,4150297
2004,45,South Carolina,4210921
2005,45,South Carolina,4270150
2006,45,South Carolina,4357847
2007,45,South Carolina,4444110
2008,45,South Carolina,4528996
2009,45,South Carolina,4589872
2010,45,South Carolina,4635846
2011,45,South Carolina,4672655
2012,45,South Carolina,4719027
2013,45,South Carolina,4766469
2014,45,South Carolina,4826858
2015,45,South Carolina,4896006
2016,45,South Carolina,4963031
2017,45,South Carolina,5027102
2018,45,South Carolina,5091702
2019,45,South Carolina,5157702
2020,45,South Carolina,5131848
2021,45,South Carolina,5193266
2022,45,South Carolina,5282634
1970,46,South Dakota,666257
1971,46,South Dakota,671295
1972,46,South Dakota,677232
1973,46,South Dakota,678715
1974,46,South Dakota,679586
1975,46,South Dakota,681040
1976,46,South Dakota,686389
1977,46,South Dakota,688480
1978,46,South Dakota,688580
1979,46,South Dakota,688334
1980,46,South Dakota,690768
1981,46,South Dakota,689584
1982,46,South Dakota,690597
1983,46,South Dakota,693008
1984,46,South Dakota,697249
1985,46,South Dakota,698402
1986,46,South Dakota,696034
1987,46,South Dakota,696036
1988,46,South Dakota,698165
1989,46,South Dakota,696701
1990,46,South Dakota,696667
1991,46,South Dakota,701445
1992,46,South Dakota,708698
1993,46,South Dakota,716258
1994,46,South Dakota,723038
1995,46,South Dakota,728251
1996,46,South Dakota,730699
1997,46,South Dakota,730855
1998,46,South Dakota,730789
1999,46,South Dakota,733133
2000,46,South Dakota,755844
2001,46,South Dakota,757972
2002,46,South Dakota,760020
2003,46,South Dakota,763729
2004,46,South Dakota,770396
2005,46,South Dakota,775493
2006,46,South Dakota,783033
2007,46,South Dakota,791623
2008,46,South Dakota,799124
2009,46,South Dakota,807067
2010,46,South Dakota,816193
2011,46,South Dakota,823740
2012,46,South Dakota,833859
2013,46,South Dakota,842751
2014,46,South Dakota,849670
2015,46,South Dakota,854663
2016,46,South Dakota,863693
2017,46,South Dakota,873732
2018,46,South Dakota,879386
2019,46,South Dakota,887127
2020,46,South Dakota,887799
2021,46,South Dakota,896164
2022,46,South Dakota,909824
1970,47,Tennessee,3926018
1971,47,Tennessee,4013608
1972,47,Tennessee,4094609
1973,47,Tennessee,4147401
1974,47,Tennessee,4213507
1975,47,Tennessee,4275566
1976,47,Tennessee,4346929
1977,47,Tennessee,4422921
1978,47,Tennessee,4486313
1979,47,Tennessee,4560474
1980,47,Tennessee,4591120
1981,47,Tennessee,4627658
1982,47,Tennessee,4646041
1983,47,Tennessee,4659749
1984,47,Tennessee,4686737
1985,47,Tennessee,4715296
1986,47,Tennessee,4738708
1987,47,Tennessee,4782927
1988,47,Tennessee,4822437
1989,47,Tennessee,4854444
1990,47,Tennessee,4890626
1991,47,Tennessee,4946886
1992,47,Tennessee,5013999
1993,47,Tennessee,5085666
1994,47,Tennessee,5163016
1995,47,Tennessee,5241168
1996,47,Tennessee,5313576
1997,47,Tennessee,5378433
1998,47,Tennessee,5432679
1999,47,Tennessee,5483535
2000,47,Tennessee,5703719
2001,47,Tennessee,5750789
2002,47,Tennessee,5795918
2003,47,Tennessee,5847812
2004,47,Tennessee,5910809
2005,47,Tennessee,5991057
2006,47,Tennessee,6088766
2007,47,Tennessee,6175727
2008,47,Tennessee,6247411
2009,47,Tennessee,6306019
2010,47,Tennessee,6355518
2011,47,Tennessee,6400298
2012,47,Tennessee,6455752
2013,47,Tennessee,6496943
2014,47,Tennessee,6544617
2015,47,Tennessee,6595354
2016,47,Tennessee,6651277
2017,47,Tennessee,6714748
2018,47,Tennessee,6778180
2019,47,Tennessee,6830325
2020,47,Tennessee,6925619
2021,47,Tennessee,6968351
2022,47,Tennessee,7051339
1970,48,Texas,11198655
1971,48,Texas,11509848
1972,48,Texas,11759150
1973,48,Texas,12019545
1974,48,Texas,12268632
1975,48,Texas,12568845
1976,48,Texas,12904092
1977,48,Texas,13193055
1978,48,Texas,13500431
1979,48,Texas,13888373
1980,48,Texas,14229191
1981,48,Texas,14746318
1982,48,Texas,15331415
1983,48,Texas,15751676
1984,48,Texas,16007086
1985,48,Texas,16272734
1986,48,Texas,16561113
1987,48,Texas,16621791
1988,48,Texas,16667022
1989,48,Texas,16806735
1990,48,Texas,17044714
1991,48,Texas,17339904
1992,48,Texas,17650479
1993,48,Texas,17996764
1994,48,Texas,18338319
1995,48,Texas,18679706
1996,48,Texas,19006240
1997,48,Texas,19355427
1998,48,Texas,19712389
1999,48,Texas,20044141
2000,48,Texas,20944499
2001,48,Texas,21319622
2002,48,Texas,21690325
2003,48,Texas,22030931
2004,48,Texas,22394023
2005,48,Texas,22778123
2006,48,Texas,23359580
2007,48,Texas,23831983
2008,48,Texas,24309039
2009,48,Texas,24801761
2010,48,Texas,25241897
2011,48,Texas,25645504
2012,48,Texas,26084120
2013,48,Texas,26479646
2014,48,Texas,26963092
2015,48,Texas,27468531
2016,48,Texas,27914064
2017,48,Texas,28291024
2018,48,Texas,28624564
2019,48,Texas,28986794
2020,48,Texas,29232474
2021,48,Texas,29558864
2022,48,Texas,30029572
1970,49,Utah,1059273
1971,49,Utah,1101191
1972,49,Utah,1135450
1973,49,Utah,1170041
1974,49,Utah,1200471
1975,49,Utah,1236028
1976,49,Utah,1274928
1977,49,Utah,1319511
1978,49,Utah,1367512
1979,49,Utah,1420239
1980,49,Utah,1461037
1981,49,Utah,1515471
1982,49,Utah,1558314
1983,49,Utah,1594943
1984,49,Utah,1622342
1985,49,Utah,1642910
1986,49,Utah,1662834
1987,49,Utah,1678119
1988,49,Utah,1689372
1989,49,Utah,1705864
1990,49,Utah,1729722
1991,49,Utah,1771941
1992,49,Utah,1821498
1993,49,Utah,1875993
1994,49,Utah,1930436
1995,49,Utah,1976774
1996,49,Utah,2022253
1997,49,Utah,2065397
1998,49,Utah,2100562
1999,49,Utah,2129836
2000,49,Utah,2244502
2001,49,Utah,2283715
2002,49,Utah,2324815
2003,49,Utah,2360137
2004,49,Utah,2401580
2005,49,Utah,2457719
2006,49,Utah,2525507
2007,49,Utah,2597746
2008,49,Utah,2663029
2009,49,Utah,2723421
2010,49,Utah,2775413
2011,49,Utah,2814797
2012,49,Utah,2854146
2013,49,Utah,2898773
2014,49,Utah,2938327
2015,49,Utah,2983626
2016,49,Utah,3044241
2017,49,Utah,3103540
2018,49,Utah,3155153
2019,49,Utah,3203383
2020,49,Utah,3283785
2021,49,Utah,3339113
2022,49,Utah,3380800
1970,50,Vermont,444732
1971,50,Vermont,454315
1972,50,Vermont,463142
1973,50,Vermont,468429
1974,50,Vermont,473000
1975,50,Vermont,479713
1976,50,Vermont,484928
1977,50,Vermont,491929
1978,50,Vermont,498108
1979,50,Vermont,505372
1980,50,Vermont,511456
1981,50,Vermont,515594
1982,50,Vermont,519109
1983,50,Vermont,523302
1984,50,Vermont,526660
1985,50,Vermont,530035
1986,50,Vermont,534066
1987,50,Vermont,540267
1988,50,Vermont,549763
1989,50,Vermont,557707
1990,50,Vermont,564526
1991,50,Vermont,567141
1992,50,Vermont,570115
1993,50,Vermont,574004
1994,50,Vermont,578900
1995,50,Vermont,582827
1996,50,Vermont,586352
1997,50,Vermont,588665
1998,50,Vermont,590579
1999,50,Vermont,593740
2000,50,Vermont,609618
2001,50,Vermont,612223
2002,50,Vermont,615442
2003,50,Vermont,617858
2004,50,Vermont,619920
2005,50,Vermont,621215
2006,50,Vermont,622892
2007,50,Vermont,623481
2008,50,Vermont,624151
2009,50,Vermont,624817
2010,50,Vermont,625886
2011,50,Vermont,627197
2012,50,Vermont,626361
2013,50,Vermont,626603
2014,50,Vermont,625693
2015,50,Vermont,625810
2016,50,Vermont,624366
2017,50,Vermont,625132
2018,50,Vermont,624802
2019,50,Vermont,624046
2020,50,Vermont,642893
2021,50,Vermont,646972
2022,50,Vermont,647064
1970,51,Virginia,4651448
1971,51,Virginia,4750837
1972,51,Virginia,4824473
1973,51,Virginia,4901291
1974,51,Virginia,4971068
1975,51,Virginia,5047396
1976,51,Virginia,5121863
1977,51,Virginia,5193112
1978,51,Virginia,5270238
1979,51,Virginia,5307945
1980,51,Virginia,5346818
1981,51,Virginia,5444097
1982,51,Virginia,5492783
1983,51,Virginia,5564657
1984,51,Virginia,5643870
1985,51,Virginia,5715153
1986,51,Virginia,5811700
1987,51,Virginia,5932268
1988,51,Virginia,6036909
1989,51,Virginia,6120246
1990,51,Virginia,6213526
1991,51,Virginia,6283853
1992,51,Virginia,6383315
1993,51,Virginia,6464795
1994,51,Virginia,6536771
1995,51,Virginia,6601392
1996,51,Virginia,6665491
1997,51,Virginia,6732878
1998,51,Virginia,6789225
1999,51,Virginia,6872912
2000,51,Virginia,7105817
2001,51,Virginia,7198362
2002,51,Virginia,7286873
2003,51,Virginia,7366977
2004,51,Virginia,7475575
2005,51,Virginia,7577105
2006,51,Virginia,7673725
2007,51,Virginia,7751000
2008,51,Virginia,7833496
2009,51,Virginia,7925937
2010,51,Virginia,8024004
2011,51,Virginia,8102437
2012,51,Virginia,8187456
2013,51,Virginia,8255861
2014,51,Virginia,8315430
2015,51,Virginia,8367303
2016,51,Virginia,8417651
2017,51,Virginia,8471011
2018,51,Virginia,8510920
2019,51,Virginia,8556642
2020,51,Virginia,8636471
2021,51,Virginia,8657365
2022,51,Virginia,8683619
1970,53,Washington,3413244
1971,53,Washington,3447553
1972,53,Washington,3447885
1973,53,Washington,3478783
1974,53,Washington,3549947
1975,53,Washington,3621338
1976,53,Washington,3693610
1977,53,Washington,3776050
1978,53,Washington,3889073
1979,53,Washington,4017632
1980,53,Washington,4132156
1981,53,Washington,4235731
1982,53,Washington,4276552
1983,53,Washington,4300266
1984,53,Washington,4343656
1985,53,Washington,4400098
1986,53,Washington,4452720
1987,53,Washington,4531901
1988,53,Washington,4639893
1989,53,Washington,4746316
1990,53,Washington,4900780
1991,53,Washington,5013443
1992,53,Washington,5139011
1993,53,Washington,5247704
1994,53,Washington,5334896
1995,53,Washington,5431024
1996,53,Washington,5509963
1997,53,Washington,5604105
1998,53,Washington,5687832
1999,53,Washington,5756361
2000,53,Washington,5910512
2001,53,Washington,5985722
2002,53,Washington,6052349
2003,53,Washington,6104115
2004,53,Washington,6178645
2005,53,Washington,6257305
2006,53,Washington,6370753
2007,53,Washington,6461587
2008,53,Washington,6562231
2009,53,Washington,6667426
2010,53,Washington,6743009
2011,53,Washington,6827479
2012,53,Washington,6898599
2013,53,Washington,6966252
2014,53,Washington,7057531
2015,53,Washington,7167287
2016,53,Washington,7299961
2017,53,Washington,7427951
2018,53,Washington,7526793
2019,53,Washington,7614024
2020,53,Washington,7724031
2021,53,Washington,7740745
2022,53,Washington,7785786
1970,54,West Virginia,1744237
1971,54,West Virginia,1770658
1972,54,West Virginia,1797648
1973,54,West Virginia,1806361
1974,54,West Virginia,1815449
1975,54,West Virginia,1842250
1976,54,West Virginia,1879501
1977,54,West Virginia,1908088
1978,54,West Virginia,1923395
1979,54,West Virginia,1942146
1980,54,West Virginia,1949644
1981,54,West Virginia,1954124
1982,54,West Virginia,1949604
1983,54,West Virginia,1945061
1984,54,West Virginia,1927697
1985,54,West Virginia,1906831
1986,54,West Virginia,1882350
1987,54,West Virginia,1857585
1988,54,West Virginia,1830215
1989,54,West Virginia,1806568
1990,54,West Virginia,1792481
1991,54,West Virginia,1798212
1992,54,West Virginia,1805462
1993,54,West Virginia,1816179
1994,54,West Virginia,1818490
1995,54,West Virginia,1820560
1996,54,West Virginia,1818983
1997,54,West Virginia,1815588
1998,54,West Virginia,1811688
1999,54,West Virginia,1806928
2000,54,West Virginia,1807021
2001,54,West Virginia,1801481
2002,54,West Virginia,1805414
2003,54,West Virginia,1812295
2004,54,West Virginia,1816438
2005,54,West Virginia,1820492
2006,54,West Virginia,1827912
2007,54,West Virginia,1834052
2008,54,West Virginia,1840310
2009,54,West Virginia,1847775
2010,54,West Virginia,1854265
2011,54,West Virginia,1856606
2012,54,West Virginia,1857446
2013,54,West Virginia,1854768
2014,54,West Virginia,1850569
2015,54,West Virginia,1843332
2016,54,West Virginia,1832435
2017,54,West Virginia,1818683
2018,54,West Virginia,1805953
2019,54,West Virginia,1795263
2020,54,West Virginia,1791420
2021,54,West Virginia,1785526
2022,54,West Virginia,1775156
1970,55,Wisconsin,4417821
1971,55,Wisconsin,4462156
1972,55,Wisconsin,4502414
1973,55,Wisconsin,4524247
1974,55,Wisconsin,4545785
1975,55,Wisconsin,4578984
1976,55,Wisconsin,4595905
1977,55,Wisconsin,4626517
1978,55,Wisconsin,4646109
1979,55,Wisconsin,4682812
1980,55,Wisconsin,4705767
1981,55,Wisconsin,4726343
1982,55,Wisconsin,4728870
1983,55,Wisconsin,4721438
1984,55,Wisconsin,4735563
1985,55,Wisconsin,4747767
1986,55,Wisconsin,4755618
1987,55,Wisconsin,4777919
1988,55,Wisconsin,4822388
1989,55,Wisconsin,4856574
1990,55,Wisconsin,4902265
1991,55,Wisconsin,4952675
1992,55,Wisconsin,5004636
1993,55,Wisconsin,5055318
1994,55,Wisconsin,5095504
1995,55,Wisconsin,5137004
1996,55,Wisconsin,5173828
1997,55,Wisconsin,5200235
1998,55,Wisconsin,5222124
1999,55,Wisconsin,5250446
2000,55,Wisconsin,5373999
2001,55,Wisconsin,5406835
2002,55,Wisconsin,5445162
2003,55,Wisconsin,5479203
2004,55,Wisconsin,5514026
2005,55,Wisconsin,5546166
2006,55,Wisconsin,5577655
2007,55,Wisconsin,5610775
2008,55,Wisconsin,5640996
2009,55,Wisconsin,5669264
2010,55,Wisconsin,5690538
2011,55,Wisconsin,5705840
2012,55,Wisconsin,5720825
2013,55,Wisconsin,5738012
2014,55,Wisconsin,5753199
2015,55,Wisconsin,5762927
2016,55,Wisconsin,5775170
2017,55,Wisconsin,5793147
2018,55,Wisconsin,5809319
2019,55,Wisconsin,5824581
2020,55,Wisconsin,5896271
2021,55,Wisconsin,5880101
2022,55,Wisconsin,5892539
1970,56,Wyoming,332416
1971,56,Wyoming,340281
1972,56,Wyoming,347346
1973,56,Wyoming,354058
1974,56,Wyoming,365501
1975,56,Wyoming,381696
1976,56,Wyoming,396952
1977,56,Wyoming,413353
1978,56,Wyoming,432877
1979,56,Wyoming,454378
1980,56,Wyoming,469557
1981,56,Wyoming,491712
1982,56,Wyoming,506400
1983,56,Wyoming,510345
1984,56,Wyoming,504896
1985,56,Wyoming,499695
1986,56,Wyoming,495633
1987,56,Wyoming,476965
1988,56,Wyoming,465101
1989,56,Wyoming,458374
1990,56,Wyoming,453401
1991,56,Wyoming,457739
1992,56,Wyoming,463491
1993,56,Wyoming,469033
1994,56,Wyoming,474982
1995,56,Wyoming,478447
1996,56,Wyoming,480085
1997,56,Wyoming,480031
1998,56,Wyoming,480045
1999,56,Wyoming,479602
2000,56,Wyoming,494300
2001,56,Wyoming,494657
2002,56,Wyoming,500017
2003,56,Wyoming,503453
2004,56,Wyoming,509106
2005,56,Wyoming,514157
2006,56,Wyoming,522667
2007,56,Wyoming,534876
2008,56,Wyoming,546043
2009,56,Wyoming,559851
2010,56,Wyoming,564531
2011,56,Wyoming,567491
2012,56,Wyoming,576656
2013,56,Wyoming,582620
2014,56,Wyoming,583159
2015,56,Wyoming,586389
2016,56,Wyoming,585243
2017,56,Wyoming,579994
2018,56,Wyoming,579054
2019,56,Wyoming,580116
2020,56,Wyoming,577605
2021,56,Wyoming,579483
2022,56,Wyoming,581381
